{
  "MAE": 0.6780543840485431,
  "RMSE": 1.5066016034424863,
  "R2": -0.7142423299245748,
  "Pearson": 0.45692256231518447,
  "Spearman": 0.41501971699615586
}