{
  "MAE": 0.6142297452855896,
  "RMSE": 1.0521459202735604,
  "R2": 0.16395950171423557,
  "Pearson": 0.6109560519439651,
  "Spearman": 0.37680711351019186
}