{
  "MAE": 0.6142297472756789,
  "RMSE": 1.0521459322629694,
  "R2": 0.5045276580100565,
  "Pearson": 0.7759405415249491,
  "Spearman": -0.010551221272507362
}